gridSearch,interactiveGUI,use_cuda,batch_size,n_epochs,learning_rate,weight_decay,shuffleTestData,shuffleTrainData,dropout_probability_1,use_batchnorm,final_test_loss,final_test_acc,duration
True,False,True,128,20,0.001,0.001,False,True,0.5,True,0.053141584325777855,0.9807585052983826,326.1509187221527
True,False,True,128,20,0.001,0.001,False,True,0.5,False,0.01651545019264807,0.9930284439486894,325.527147769928
True,False,True,128,20,0.001,0.001,False,True,0.75,True,0.01989369130317579,0.9913552704963748,325.73183035850525
True,False,True,128,20,0.001,0.001,False,True,0.75,False,0.05456380095136793,0.9806190741773564,325.75604462623596
True,False,True,128,20,0.001,0.001,False,True,0.8,True,0.144102044403553,0.9687674288901282,325.9129228591919
True,False,True,128,20,0.001,0.001,False,True,0.8,False,0.15605638506250424,0.971834913552705,325.44658851623535
True,False,True,128,20,0.001,0.001,False,True,0.85,True,0.11641852302770865,0.9772727272727273,325.5532748699188
True,False,True,128,20,0.001,0.001,False,True,0.85,False,0.2507315425757776,0.9499442275515895,326.0209975242615
True,False,True,128,20,0.001,0.001,False,True,0.9,True,0.23176328877085134,0.9531511433351925,325.30609607696533
True,False,True,128,20,0.001,0.001,False,True,0.9,False,0.14881778815597818,0.9668153931957613,325.2859616279602
True,False,True,128,20,0.001,0.001,False,True,0.95,True,0.24562254286648935,0.9590072504182934,325.7908592224121
True,False,True,128,20,0.001,0.001,False,True,0.95,False,0.27057536109759095,0.9549637479085332,325.5750548839569
True,False,True,128,20,0.001,0.001,False,True,0.975,True,0.2813915281246106,0.9700223089793641,325.6111524105072
True,False,True,128,20,0.001,0.001,False,True,0.975,False,0.22917447735865912,0.9566369213608478,325.44772458076477
True,False,True,128,20,0.001,0.0005,False,True,0.5,True,0.3125816521545251,0.9610987172336866,325.60854411125183
True,False,True,128,20,0.001,0.0005,False,True,0.5,False,0.3348882908753136,0.9605409927495817,325.6527099609375
True,False,True,128,20,0.001,0.0005,False,True,0.75,True,0.3364129890279289,0.967930842163971,325.9412236213684
True,False,True,128,20,0.001,0.0005,False,True,0.75,False,0.2283237373227613,0.9703011712214166,325.7929184436798
True,False,True,128,20,0.001,0.0005,False,True,0.8,True,0.3029238486891253,0.9610987172336866,325.4368975162506
True,False,True,128,20,0.001,0.0005,False,True,0.8,False,0.5254914271726943,0.9485499163413273,325.41591596603394
True,False,True,128,20,0.001,0.0005,False,True,0.85,True,0.22340978387939303,0.9739263803680982,325.92165207862854
True,False,True,128,20,0.001,0.0005,False,True,0.85,False,0.32223462169630485,0.9602621305075293,325.6762330532074
True,False,True,128,20,0.001,0.0005,False,True,0.9,True,0.36483308372267503,0.9624930284439487,325.5228452682495
True,False,True,128,20,0.001,0.0005,False,True,0.9,False,0.37104261810319467,0.928053541550474,326.1114511489868
True,False,True,128,20,0.001,0.0005,False,True,0.95,True,0.3054609401314928,0.9636084774121584,325.9691205024719
True,False,True,128,20,0.001,0.0005,False,True,0.95,False,0.3014477780252172,0.9663970998326826,325.62082839012146
True,False,True,128,20,0.001,0.0005,False,True,0.975,True,0.32317186179652546,0.971834913552705,326.1786689758301
True,False,True,128,20,0.001,0.0005,False,True,0.975,False,0.3440147044561934,0.9604015616285555,325.69952273368835
True,False,True,128,20,0.001,0.0001,False,True,0.5,True,0.5166014081291985,0.948968209704406,325.4912576675415
True,False,True,128,20,0.001,0.0001,False,True,0.5,False,0.5942965891016158,0.9438092582264361,326.1054365634918
True,False,True,128,20,0.001,0.0001,False,True,0.75,True,0.6186624071315715,0.9475738984941439,325.59081649780273
True,False,True,128,20,0.001,0.0001,False,True,0.75,False,0.5598853108260715,0.945064138315672,325.3433029651642
True,False,True,128,20,0.001,0.0001,False,True,0.8,True,0.5078253854523626,0.9606804238706079,325.92848086357117
True,False,True,128,20,0.001,0.0001,False,True,0.8,False,0.7299589972224152,0.9360011154489682,325.90613436698914
True,False,True,128,20,0.001,0.0001,False,True,0.85,True,0.5535764653693166,0.9507808142777467,325.9647500514984
True,False,True,128,20,0.001,0.0001,False,True,0.85,False,0.5734036421043831,0.9546848856664808,326.05666518211365
True,False,True,128,20,0.001,0.0001,False,True,0.9,True,0.5289953026855201,0.9576129392080313,325.8573372364044
True,False,True,128,20,0.001,0.0001,False,True,0.9,False,0.6946151282703668,0.948968209704406,325.55556297302246
True,False,True,128,20,0.001,0.0001,False,True,0.95,True,0.6705822654460606,0.9453430005577245,325.82712292671204
True,False,True,128,20,0.001,0.0001,False,True,0.95,False,0.4107685236489041,0.9615170105967652,326.04578971862793
True,False,True,128,20,0.001,0.0001,False,True,0.975,True,0.49792242716801793,0.9499442275515895,325.4289541244507
True,False,True,128,20,0.001,0.0001,False,True,0.975,False,0.5802513885132053,0.9387897378694925,325.54348516464233
True,False,True,128,20,0.0005,0.001,False,True,0.5,True,0.36639809896025743,0.9403234802007808,325.76693964004517
True,False,True,128,20,0.0005,0.001,False,True,0.5,False,0.3885666767233296,0.9369771332961517,325.8421082496643
True,False,True,128,20,0.0005,0.001,False,True,0.75,True,0.2875718292044966,0.9475738984941439,325.4356904029846
True,False,True,128,20,0.0005,0.001,False,True,0.75,False,0.31915973479810517,0.9408812046848857,325.9568102359772
True,False,True,128,20,0.0005,0.001,False,True,0.8,True,0.36025804751797724,0.9401840490797546,326.60471057891846
True,False,True,128,20,0.0005,0.001,False,True,0.8,False,0.32574341341591717,0.9361405465699945,325.46096897125244
True,False,True,128,20,0.0005,0.001,False,True,0.85,True,0.45407619000526894,0.9247071946458449,325.67825388908386
True,False,True,128,20,0.0005,0.001,False,True,0.85,False,0.4018215300482616,0.9438092582264361,325.5556163787842
True,False,True,128,20,0.0005,0.001,False,True,0.9,True,0.32247616187260864,0.9538482989403235,325.99653220176697
True,False,True,128,20,0.0005,0.001,False,True,0.9,False,0.4689139438825741,0.918851087562744,325.9506793022156
True,False,True,128,20,0.0005,0.001,False,True,0.95,True,0.8088458802616387,0.8467651979921919,326.3202347755432
True,False,True,128,20,0.0005,0.001,False,True,0.95,False,0.3762163883238508,0.942414947016174,325.84108686447144
True,False,True,128,20,0.0005,0.001,False,True,0.975,True,0.36857365803760395,0.9393474623535973,325.398597240448
True,False,True,128,20,0.0005,0.001,False,True,0.975,False,0.41578252678900435,0.9244283324037925,325.7835419178009
True,False,True,128,20,0.0005,0.0005,False,True,0.5,True,0.49315622736487474,0.9305633017289459,325.76938581466675
True,False,True,128,20,0.0005,0.0005,False,True,0.5,False,0.4233474024947275,0.9523145566090352,326.0486581325531
True,False,True,128,20,0.0005,0.0005,False,True,0.75,True,1.0551736203202031,0.8629392080312326,324.9752388000488
True,False,True,128,20,0.0005,0.0005,False,True,0.75,False,0.4344106346630214,0.9333519241494702,315.07496404647827
True,False,True,128,20,0.0005,0.0005,False,True,0.8,True,0.4391154615502608,0.9206636921360848,315.3173062801361
True,False,True,128,20,0.0005,0.0005,False,True,0.8,False,0.4588772523821446,0.9403234802007808,315.50356125831604
True,False,True,128,20,0.0005,0.0005,False,True,0.85,True,0.5698068037367704,0.9283324037925265,315.28298473358154
True,False,True,128,20,0.0005,0.0005,False,True,0.85,False,0.5305471069980086,0.9223368655883993,315.1038975715637
True,False,True,128,20,0.0005,0.0005,False,True,0.9,True,0.5603363529631966,0.9075571667596207,315.0732469558716
True,False,True,128,20,0.0005,0.0005,False,True,0.9,False,0.5630986831690136,0.9297267150027886,315.3253014087677
True,False,True,128,20,0.0005,0.0005,False,True,0.95,True,0.41467925076160517,0.939765755716676,315.27638149261475
True,False,True,128,20,0.0005,0.0005,False,True,0.95,False,0.42491467101009267,0.9422755158951478,315.0834903717041
True,False,True,128,20,0.0005,0.0005,False,True,0.975,True,0.5312735736370087,0.9298661461238148,315.18370151519775
True,False,True,128,20,0.0005,0.0005,False,True,0.975,False,0.5563604869602019,0.9277746793084216,315.1978738307953
True,False,True,128,20,0.0005,0.0001,False,True,0.5,True,0.5847189500927925,0.9248466257668712,315.1071126461029
True,False,True,128,20,0.0005,0.0001,False,True,0.5,False,0.6857451362568036,0.9323759063022866,315.26134848594666
True,False,True,128,20,0.0005,0.0001,False,True,0.75,True,0.6939233544102886,0.9343279419966537,315.47143149375916
True,False,True,128,20,0.0005,0.0001,False,True,0.75,False,0.6573953048179024,0.9337702175125489,315.3104259967804
True,False,True,128,20,0.0005,0.0001,False,True,0.8,True,0.6672732113746175,0.9421360847741216,315.1447124481201
True,False,True,128,20,0.0005,0.0001,False,True,0.8,False,0.5308528749043482,0.9407417735638595,315.2612769603729
True,False,True,128,20,0.0005,0.0001,False,True,0.85,True,0.6792297606405459,0.9350250976017848,315.2236969470978
True,False,True,128,20,0.0005,0.0001,False,True,0.85,False,0.7874821390499148,0.937813720022309,315.98308992385864
True,False,True,128,20,0.0005,0.0001,False,True,0.9,True,0.5866266647190378,0.9491076408254322,315.3805236816406
True,False,True,128,20,0.0005,0.0001,False,True,0.9,False,0.7062106114207652,0.9327941996653654,315.1664855480194
True,False,True,128,20,0.0005,0.0001,False,True,0.95,True,0.6734870185977534,0.9418572225320692,315.47476506233215
True,False,True,128,20,0.0005,0.0001,False,True,0.95,False,0.903490912234574,0.9241494701617401,315.0653886795044
True,False,True,128,20,0.0005,0.0001,False,True,0.975,True,0.7270896999459517,0.9386503067484663,315.2516849040985
True,False,True,128,20,0.0005,0.0001,False,True,0.975,False,0.7927479126997161,0.9187116564417178,314.92899346351624
True,False,True,128,20,0.0001,0.001,False,True,0.5,True,0.4528504024472153,0.944366982710541,315.4542682170868
True,False,True,128,20,0.0001,0.001,False,True,0.5,False,0.3864662932199344,0.9426938092582264,315.6627447605133
True,False,True,128,20,0.0001,0.001,False,True,0.75,True,0.3752748449904877,0.9488287785833798,320.655561208725
True,False,True,128,20,0.0001,0.001,False,True,0.75,False,0.38229206544265415,0.947016174010039,315.5696918964386
True,False,True,128,20,0.0001,0.001,False,True,0.8,True,0.38410327544337824,0.9457612939208031,315.1176121234894
True,False,True,128,20,0.0001,0.001,False,True,0.8,False,0.35355080036740555,0.9447852760736196,314.9896032810211
True,False,True,128,20,0.0001,0.001,False,True,0.85,True,0.39264589953317974,0.9406023424428333,315.0898132324219
True,False,True,128,20,0.0001,0.001,False,True,0.85,False,0.38906302943564297,0.9408812046848857,315.1238844394684
True,False,True,128,20,0.0001,0.001,False,True,0.9,True,0.4421004092222766,0.9339096486335751,315.02311849594116
True,False,True,128,20,0.0001,0.001,False,True,0.9,False,0.4237010399239105,0.9360011154489682,315.26418590545654
True,False,True,128,20,0.0001,0.001,False,True,0.95,True,0.4569635731086396,0.9247071946458449,315.2169635295868
True,False,True,128,20,0.0001,0.001,False,True,0.95,False,0.4094741110477531,0.9302844394868934,315.06744623184204
True,False,True,128,20,0.0001,0.001,False,True,0.975,True,0.46412929108268336,0.9276352481873954,314.93908739089966
True,False,True,128,20,0.0001,0.001,False,True,0.975,False,0.41446175491600706,0.9362799776910207,315.2409451007843
True,False,True,128,20,0.0001,0.0005,False,True,0.5,True,0.4203834202990197,0.9302844394868934,315.07015085220337
True,False,True,128,20,0.0001,0.0005,False,True,0.5,False,0.4154954432395467,0.9392080312325711,314.98856925964355
True,False,True,128,20,0.0001,0.0005,False,True,0.75,True,0.44704916445832504,0.9304238706079196,314.9638566970825
True,False,True,128,20,0.0001,0.0005,False,True,0.75,False,0.5070476165988989,0.9329336307863916,314.991170167923
True,False,True,128,20,0.0001,0.0005,False,True,0.8,True,0.5127839422539661,0.932654768544339,315.29578614234924
True,False,True,128,20,0.0001,0.0005,False,True,0.8,False,0.5114077687786337,0.9247071946458449,315.3978545665741
True,False,True,128,20,0.0001,0.0005,False,True,0.85,True,0.49692207156566154,0.9337702175125489,315.27884125709534
True,False,True,128,20,0.0001,0.0005,False,True,0.85,False,0.45307995849534083,0.9344673731176799,315.32891273498535
True,False,True,128,20,0.0001,0.0005,False,True,0.9,True,0.42136968463136437,0.9426938092582264,315.1368980407715
True,False,True,128,20,0.0001,0.0005,False,True,0.9,False,0.46494216001347494,0.9357222532069158,315.03443717956543
True,False,True,128,20,0.0001,0.0005,False,True,0.95,True,0.42275872552081156,0.9382320133853876,314.92808198928833
True,False,True,128,20,0.0001,0.0005,False,True,0.95,False,0.4309222496915282,0.9387897378694925,315.0955934524536
True,False,True,128,20,0.0001,0.0005,False,True,0.975,True,0.47920796405850796,0.9244283324037925,315.58990240097046
True,False,True,128,20,0.0001,0.0005,False,True,0.975,False,0.5145747781845561,0.9383714445064139,315.4332184791565
True,False,True,128,20,0.0001,0.0001,False,True,0.5,True,0.5265635536950931,0.9346068042387061,315.5331001281738
True,False,True,128,20,0.0001,0.0001,False,True,0.5,False,0.5802014122406641,0.9322364751812604,316.86378169059753
True,False,True,128,20,0.0001,0.0001,False,True,0.75,True,0.634206686364977,0.9339096486335751,315.631742477417
True,False,True,128,20,0.0001,0.0001,False,True,0.75,False,0.7958869131510717,0.9221974344673731,315.6925187110901
True,False,True,128,20,0.0001,0.0001,False,True,0.8,True,0.7080652232755694,0.9336307863915226,315.4367184638977
True,False,True,128,20,0.0001,0.0001,False,True,0.8,False,0.661743512148397,0.931957612939208,315.59491443634033
True,False,True,128,20,0.0001,0.0001,False,True,0.85,True,0.75150983950548,0.9346068042387061,315.82848286628723
True,False,True,128,20,0.0001,0.0001,False,True,0.85,False,0.7731438530118842,0.9213608477412158,315.4485378265381
True,False,True,128,20,0.0001,0.0001,False,True,0.9,True,0.7077918640877071,0.9258226436140546,315.3435025215149
True,False,True,128,20,0.0001,0.0001,False,True,0.9,False,0.7349636609617033,0.9233128834355828,315.51191878318787
True,False,True,128,20,0.0001,0.0001,False,True,0.95,True,0.8491100985230061,0.9322364751812604,315.450945854187
True,False,True,128,20,0.0001,0.0001,False,True,0.95,False,0.7512299682487521,0.9343279419966537,315.7672963142395
True,False,True,128,20,0.0001,0.0001,False,True,0.975,True,0.6578592553473356,0.9383714445064139,315.9175579547882
True,False,True,128,20,0.0001,0.0001,False,True,0.975,False,0.7762591240175983,0.9301450083658672,315.57977986335754
True,False,True,64,20,0.001,0.001,False,True,0.5,True,0.9262330236688124,0.8409090909090909,347.51204347610474
True,False,True,64,20,0.001,0.001,False,True,0.5,False,0.3932008599549268,0.9585889570552147,347.4507918357849
True,False,True,64,20,0.001,0.001,False,True,0.75,True,0.32229043487294584,0.9524539877300614,347.5843131542206
True,False,True,64,20,0.001,0.001,False,True,0.75,False,0.33440479306520615,0.9479921918572225,347.5745189189911
True,False,True,64,20,0.001,0.001,False,True,0.8,True,0.3686115922719504,0.9534300055772449,347.6163332462311
True,False,True,64,20,0.001,0.001,False,True,0.8,False,0.4407829405591551,0.9276352481873954,347.40044498443604
True,False,True,64,20,0.001,0.001,False,True,0.85,True,0.47762927436063773,0.9283324037925265,347.41359424591064
True,False,True,64,20,0.001,0.001,False,True,0.85,False,0.3980874353937343,0.948968209704406,347.4453721046448
True,False,True,64,20,0.001,0.001,False,True,0.9,True,0.6239691903501485,0.9039319576129392,347.6769413948059
True,False,True,64,20,0.001,0.001,False,True,0.9,False,0.4092373356750581,0.9350250976017848,347.46637177467346
True,False,True,64,20,0.001,0.001,False,True,0.95,True,0.44288340942785803,0.942414947016174,347.507936000824
True,False,True,64,20,0.001,0.001,False,True,0.95,False,0.6087364237261029,0.8862242052426101,347.45975732803345
True,False,True,64,20,0.001,0.001,False,True,0.975,True,0.5461317387170497,0.9171779141104295,347.48417615890503
True,False,True,64,20,0.001,0.001,False,True,0.975,False,0.4108575058326257,0.9361405465699945,347.45478987693787
True,False,True,64,20,0.001,0.0005,False,True,0.5,True,0.5026463586012874,0.937813720022309,347.3369314670563
True,False,True,64,20,0.001,0.0005,False,True,0.5,False,0.5542212953477834,0.9401840490797546,347.36469078063965
True,False,True,64,20,0.001,0.0005,False,True,0.75,True,0.6150284463918843,0.9354433909648634,347.73613381385803
True,False,True,64,20,0.001,0.0005,False,True,0.75,False,0.4831549126358159,0.9401840490797546,347.57908391952515
True,False,True,64,20,0.001,0.0005,False,True,0.8,True,0.8821320650456226,0.865867261572783,347.546443939209
True,False,True,64,20,0.001,0.0005,False,True,0.8,False,0.5891694417305752,0.9295872838817624,347.79400420188904
True,False,True,64,20,0.001,0.0005,False,True,0.85,True,0.8634948751567739,0.8662855549358617,347.46033668518066
True,False,True,64,20,0.001,0.0005,False,True,0.85,False,0.43899142494903204,0.9479921918572225,347.45047211647034
True,False,True,64,20,0.001,0.0005,False,True,0.9,True,0.8410944230524839,0.8754880089235918,347.4939715862274
True,False,True,64,20,0.001,0.0005,False,True,0.9,False,0.47875433632757813,0.9502230897936419,347.488600730896
True,False,True,64,20,0.001,0.0005,False,True,0.95,True,0.5082274198663973,0.9513385387618516,347.403436422348
True,False,True,64,20,0.001,0.0005,False,True,0.95,False,0.5127193725346464,0.9389291689905187,347.5066976547241
True,False,True,64,20,0.001,0.0005,False,True,0.975,True,0.4536577841613145,0.9373954266592304,347.676061630249
True,False,True,64,20,0.001,0.0005,False,True,0.975,False,0.5405003645712823,0.9426938092582264,347.38664293289185
True,False,True,64,20,0.001,0.0001,False,True,0.5,True,0.8375274916138269,0.9210819854991634,347.43386125564575
True,False,True,64,20,0.001,0.0001,False,True,0.5,False,0.6780030730023848,0.9454824316787507,353.362357378006
True,False,True,64,20,0.001,0.0001,False,True,0.75,True,0.6157098048556168,0.9312604573340769,364.5295031070709
True,False,True,64,20,0.001,0.0001,False,True,0.75,False,0.7098645975038541,0.9454824316787507,364.68945479393005
True,False,True,64,20,0.001,0.0001,False,True,0.8,True,0.6455548804879716,0.9453430005577245,365.07211208343506
True,False,True,64,20,0.001,0.0001,False,True,0.8,False,0.8372418576505332,0.9279141104294478,364.7383403778076
True,False,True,64,20,0.001,0.0001,False,True,0.85,True,0.7167922195080108,0.9323759063022866,364.96375846862793
True,False,True,64,20,0.001,0.0001,False,True,0.85,False,0.6466924139356192,0.9399051868377022,364.8194079399109
True,False,True,64,20,0.001,0.0001,False,True,0.9,True,0.7715883629182271,0.9364194088120469,364.6445589065552
True,False,True,64,20,0.001,0.0001,False,True,0.9,False,0.5953348766913457,0.9431121026213051,364.8251965045929
True,False,True,64,20,0.001,0.0001,False,True,0.95,True,0.6444695396760923,0.9284718349135527,365.0181577205658
True,False,True,64,20,0.001,0.0001,False,True,0.95,False,0.5360764636600439,0.9411600669269381,363.9126706123352
True,False,True,64,20,0.001,0.0001,False,True,0.975,True,0.7205673030915514,0.9385108756274401,364.4798574447632
True,False,True,64,20,0.001,0.0001,False,True,0.975,False,0.9055939256089979,0.9149470161740101,363.9191241264343
True,False,True,64,20,0.0005,0.001,False,True,0.5,True,0.3969636422013287,0.9446458449525934,364.01145601272583
True,False,True,64,20,0.0005,0.001,False,True,0.5,False,0.39297130568760685,0.946319018404908,365.468154668808
True,False,True,64,20,0.0005,0.001,False,True,0.75,True,0.35230245197241283,0.9419966536530954,348.2980966567993
True,False,True,64,20,0.0005,0.001,False,True,0.75,False,0.3668744943838204,0.9348856664807585,347.5008840560913
True,False,True,64,20,0.0005,0.001,False,True,0.8,True,0.40786738611296214,0.9422755158951478,347.54098176956177
True,False,True,64,20,0.0005,0.001,False,True,0.8,False,0.42704151234531823,0.9343279419966537,347.4610939025879
True,False,True,64,20,0.0005,0.001,False,True,0.85,True,0.34486640541426905,0.9584495259341885,347.51399207115173
True,False,True,64,20,0.0005,0.001,False,True,0.85,False,0.39947799349253155,0.9354433909648634,347.7999885082245
True,False,True,64,20,0.0005,0.001,False,True,0.9,True,0.3991762546377372,0.9445064138315672,352.9806909561157
True,False,True,64,20,0.0005,0.001,False,True,0.9,False,0.4457368917961036,0.9274958170663692,365.52200984954834
True,False,True,64,20,0.0005,0.001,False,True,0.95,True,0.3333368298754228,0.9503625209146681,364.7141649723053
True,False,True,64,20,0.0005,0.001,False,True,0.95,False,0.44356943310889524,0.9354433909648634,365.6758654117584
True,False,True,64,20,0.0005,0.001,False,True,0.975,True,0.4388312582684829,0.9156441717791411,365.63447976112366
True,False,True,64,20,0.0005,0.001,False,True,0.975,False,0.3667358773867641,0.9350250976017848,365.3162920475006
True,False,True,64,20,0.0005,0.0005,False,True,0.5,True,0.43459851090359475,0.9241494701617401,365.61429023742676
True,False,True,64,20,0.0005,0.0005,False,True,0.5,False,0.4416725815199645,0.9425543781372002,365.51423835754395
True,False,True,64,20,0.0005,0.0005,False,True,0.75,True,0.5269423753220951,0.9373954266592304,365.57736897468567
True,False,True,64,20,0.0005,0.0005,False,True,0.75,False,0.44045177797696233,0.9510596765197992,365.27429389953613
True,False,True,64,20,0.0005,0.0005,False,True,0.8,True,0.46634830880613454,0.9376742889012828,366.4677515029907
True,False,True,64,20,0.0005,0.0005,False,True,0.8,False,0.39955607758818473,0.9421360847741216,366.03256916999817
True,False,True,64,20,0.0005,0.0005,False,True,0.85,True,0.500721807995465,0.947016174010039,365.24747133255005
True,False,True,64,20,0.0005,0.0005,False,True,0.85,False,0.4926664453098732,0.9353039598438372,365.5915675163269
True,False,True,64,20,0.0005,0.0005,False,True,0.9,True,0.4243010384385037,0.9471556051310652,360.4189283847809
True,False,True,64,20,0.0005,0.0005,False,True,0.9,False,0.7171135873129938,0.8799498047964306,348.44556498527527
True,False,True,64,20,0.0005,0.0005,False,True,0.95,True,0.4105049922600784,0.948968209704406,348.3727421760559
True,False,True,64,20,0.0005,0.0005,False,True,0.95,False,0.45432260381964457,0.9323759063022866,360.8313093185425
True,False,True,64,20,0.0005,0.0005,False,True,0.975,True,0.7551774659515482,0.8905465699944227,365.45001697540283
True,False,True,64,20,0.0005,0.0005,False,True,0.975,False,0.39158279603693336,0.9418572225320692,365.7465867996216
True,False,True,64,20,0.0005,0.0001,False,True,0.5,True,0.8669090985724356,0.8906860011154489,365.2797999382019
True,False,True,64,20,0.0005,0.0001,False,True,0.5,False,0.46714996645408396,0.9447852760736196,365.2289824485779
True,False,True,64,20,0.0005,0.0001,False,True,0.75,True,0.6230994768572592,0.9520356943669828,365.53187251091003
True,False,True,64,20,0.0005,0.0001,False,True,0.75,False,0.6292398697902671,0.9355828220858896,365.3750276565552
True,False,True,64,20,0.0005,0.0001,False,True,0.8,True,0.7053207441571012,0.9382320133853876,365.32609367370605
True,False,True,64,20,0.0005,0.0001,False,True,0.8,False,0.6224696584441493,0.9428332403792526,365.4276132583618
True,False,True,64,20,0.0005,0.0001,False,True,0.85,True,0.7904142910136586,0.9185722253206916,365.5632185935974
True,False,True,64,20,0.0005,0.0001,False,True,0.85,False,0.5476934525753017,0.9435303959843837,365.0496242046356
True,False,True,64,20,0.0005,0.0001,False,True,0.9,True,0.6480186744139785,0.9428332403792526,365.9575946331024
True,False,True,64,20,0.0005,0.0001,False,True,0.9,False,0.6520771379623793,0.9394868934746236,365.1978135108948
True,False,True,64,20,0.0005,0.0001,False,True,0.95,True,0.44740557769494776,0.9556609035136643,365.5156075954437
True,False,True,64,20,0.0005,0.0001,False,True,0.95,False,0.6515694546752271,0.9270775237032906,365.6626341342926
True,False,True,64,20,0.0005,0.0001,False,True,0.975,True,0.5228087260198276,0.9449247071946458,365.3618550300598
True,False,True,64,20,0.0005,0.0001,False,True,0.975,False,0.5668451569776619,0.9421360847741216,364.9749093055725
True,False,True,64,20,0.0001,0.001,False,True,0.5,True,0.30746147155234244,0.9535694366982711,364.2337996959686
True,False,True,64,20,0.0001,0.001,False,True,0.5,False,0.26199604613722954,0.9651422197434467,365.5369303226471
True,False,True,64,20,0.0001,0.001,False,True,0.75,True,0.2686951356915246,0.9553820412716119,365.85666394233704
True,False,True,64,20,0.0001,0.001,False,True,0.75,False,0.28344627871977546,0.9418572225320692,365.74130487442017
True,False,True,64,20,0.0001,0.001,False,True,0.8,True,0.29294928150103156,0.9472950362520914,365.268363237381
True,False,True,64,20,0.0001,0.001,False,True,0.8,False,0.2704598769479621,0.9647239263803681,362.05716848373413
True,False,True,64,20,0.0001,0.001,False,True,0.85,True,0.33860860250692454,0.9460401561628555,365.9332778453827
True,False,True,64,20,0.0001,0.001,False,True,0.85,False,0.31078522850190643,0.9408812046848857,365.2750253677368
True,False,True,64,20,0.0001,0.001,False,True,0.9,True,0.3301091274263057,0.9341885108756275,365.9607617855072
True,False,True,64,20,0.0001,0.001,False,True,0.9,False,0.3460916678989883,0.9422755158951478,365.4406838417053
True,False,True,64,20,0.0001,0.001,False,True,0.95,True,0.324533000192811,0.9410206358059119,365.3477032184601
True,False,True,64,20,0.0001,0.001,False,True,0.95,False,0.31434110169653345,0.9422755158951478,365.846143245697
True,False,True,64,20,0.0001,0.001,False,True,0.975,True,0.3140093683207457,0.9474344673731177,366.7583029270172
True,False,True,64,20,0.0001,0.001,False,True,0.975,False,0.35497110735921733,0.937813720022309,365.6566381454468
True,False,True,64,20,0.0001,0.0005,False,True,0.5,True,0.3861411682008642,0.935164528722811,365.8252558708191
True,False,True,64,20,0.0001,0.0005,False,True,0.5,False,0.3537292621238569,0.9460401561628555,365.46892189979553
True,False,True,64,20,0.0001,0.0005,False,True,0.75,True,0.39316801420223396,0.9459007250418293,365.63528513908386
True,False,True,64,20,0.0001,0.0005,False,True,0.75,False,0.45257967209394,0.9311210262130507,348.6458466053009
True,False,True,64,20,0.0001,0.0005,False,True,0.8,True,0.40019989827960994,0.9403234802007808,348.38425302505493
True,False,True,64,20,0.0001,0.0005,False,True,0.8,False,0.3796464815010539,0.9412994980479643,348.3432586193085
True,False,True,64,20,0.0001,0.0005,False,True,0.85,True,0.4171633129626249,0.9228945900725042,348.26426815986633
True,False,True,64,20,0.0001,0.0005,False,True,0.85,False,0.3439128173399815,0.9396263245956498,348.24399042129517
True,False,True,64,20,0.0001,0.0005,False,True,0.9,True,0.3724791527255974,0.9478527607361963,348.2429714202881
True,False,True,64,20,0.0001,0.0005,False,True,0.9,False,0.4022420941464669,0.9453430005577245,348.2086253166199
True,False,True,64,20,0.0001,0.0005,False,True,0.95,True,0.356210498386516,0.9493865030674846,348.1931188106537
True,False,True,64,20,0.0001,0.0005,False,True,0.95,False,0.37256121318952173,0.9418572225320692,348.21800446510315
True,False,True,64,20,0.0001,0.0005,False,True,0.975,True,0.3099145580379836,0.949665365309537,348.3465623855591
True,False,True,64,20,0.0001,0.0005,False,True,0.975,False,0.37767510215001826,0.9410206358059119,348.40492606163025
True,False,True,64,20,0.0001,0.0001,False,True,0.5,True,0.6138722414595891,0.9067205800334635,348.4428639411926
True,False,True,64,20,0.0001,0.0001,False,True,0.5,False,0.49724797673721227,0.9426938092582264,348.8320572376251
True,False,True,64,20,0.0001,0.0001,False,True,0.75,True,0.48241057945827465,0.9304238706079196,348.3130679130554
True,False,True,64,20,0.0001,0.0001,False,True,0.75,False,0.642460844092137,0.9201059676519799,348.3038980960846
True,False,True,64,20,0.0001,0.0001,False,True,0.8,True,0.5801452877313162,0.9440881204684886,348.3759379386902
True,False,True,64,20,0.0001,0.0001,False,True,0.8,False,0.5168326402791833,0.9488287785833798,348.36877059936523
True,False,True,64,20,0.0001,0.0001,False,True,0.85,True,0.5532820079706412,0.9369771332961517,348.3309597969055
True,False,True,64,20,0.0001,0.0001,False,True,0.85,False,0.5757977884361701,0.9418572225320692,348.3133683204651
True,False,True,64,20,0.0001,0.0001,False,True,0.9,True,0.5423353218465252,0.9439486893474623,348.4162244796753
True,False,True,64,20,0.0001,0.0001,False,True,0.9,False,0.47907633439893216,0.9491076408254322,348.44915294647217
True,False,True,64,20,0.0001,0.0001,False,True,0.95,True,0.5057225880435611,0.9399051868377022,348.63036727905273
True,False,True,64,20,0.0001,0.0001,False,True,0.95,False,0.5108704699153921,0.9396263245956498,348.28598189353943
True,False,True,64,20,0.0001,0.0001,False,True,0.975,True,0.5314177362066982,0.9447852760736196,348.40515899658203
True,False,True,64,20,0.0001,0.0001,False,True,0.975,False,0.5769419942743483,0.9279141104294478,348.3174388408661
True,False,True,32,20,0.001,0.001,False,True,0.5,True,0.6788101872470644,0.8993307306190742,466.75396609306335
True,False,True,32,20,0.001,0.001,False,True,0.5,False,0.7288489960299598,0.8636363636363636,466.54765224456787
True,False,True,32,20,0.001,0.001,False,True,0.75,True,0.43496774948305555,0.9316787506971556,466.7313995361328
True,False,True,32,20,0.001,0.001,False,True,0.75,False,0.4570212851630317,0.9341885108756275,466.651047706604
True,False,True,32,20,0.001,0.001,False,True,0.8,True,0.42504902604553435,0.9375348577802566,467.0701823234558
True,False,True,32,20,0.001,0.001,False,True,0.8,False,0.4764166325993008,0.9380925822643614,467.5585210323334
True,False,True,32,20,0.001,0.001,False,True,0.85,True,0.5050042376584477,0.9263803680981595,469.761599779129
True,False,True,32,20,0.001,0.001,False,True,0.85,False,0.49339189569155373,0.9270775237032906,469.4096870422363
True,False,True,32,20,0.001,0.001,False,True,0.9,True,0.8497934270567364,0.817345231455661,467.76806449890137
True,False,True,32,20,0.001,0.001,False,True,0.9,False,0.48118851549095576,0.9150864472950363,467.0032675266266
True,False,True,32,20,0.001,0.001,False,True,0.95,True,0.3509620146618949,0.9403234802007808,496.4061403274536
True,False,True,32,20,0.001,0.001,False,True,0.95,False,0.36367992205752264,0.9457612939208031,498.8115813732147
True,False,True,32,20,0.001,0.001,False,True,0.975,True,0.43575109637445875,0.9313998884551031,493.39708733558655
True,False,True,32,20,0.001,0.001,False,True,0.975,False,0.4311337894863553,0.935861684327942,500.0919756889343
True,False,True,32,20,0.001,0.0005,False,True,0.5,True,0.5467184377378888,0.9347462353597323,476.4999508857727
True,False,True,32,20,0.001,0.0005,False,True,0.5,False,0.5931780966122945,0.9203848298940324,478.1817409992218
True,False,True,32,20,0.001,0.0005,False,True,0.75,True,0.4774517195423444,0.9385108756274401,466.6205916404724
True,False,True,32,20,0.001,0.0005,False,True,0.75,False,0.5085594443811311,0.945064138315672,493.1277632713318
True,False,True,32,20,0.001,0.0005,False,True,0.8,True,0.528501852022277,0.9302844394868934,499.8660054206848
True,False,True,32,20,0.001,0.0005,False,True,0.8,False,0.5474268374178145,0.9215002788622421,493.5073997974396
True,False,True,32,20,0.001,0.0005,False,True,0.85,True,0.4677982202503416,0.9410206358059119,499.2493577003479
True,False,True,32,20,0.001,0.0005,False,True,0.85,False,0.4889552382296986,0.9442275515895148,499.0560944080353
True,False,True,32,20,0.001,0.0005,False,True,0.9,True,0.5117750488056076,0.9426938092582264,499.9985659122467
True,False,True,32,20,0.001,0.0005,False,True,0.9,False,0.38999422821733687,0.9488287785833798,498.63862895965576
True,False,True,32,20,0.001,0.0005,False,True,0.95,True,0.4708784266975191,0.9361405465699945,499.8756756782532
True,False,True,32,20,0.001,0.0005,False,True,0.95,False,0.5578497233986854,0.9149470161740101,499.8388681411743
True,False,True,32,20,0.001,0.0005,False,True,0.975,True,0.5833083068331083,0.9116006692693809,500.46116185188293
True,False,True,32,20,0.001,0.0005,False,True,0.975,False,0.4339075677593549,0.9284718349135527,498.74731826782227
True,False,True,32,20,0.001,0.0001,False,True,0.5,True,0.531606076889568,0.9291689905186837,499.3469340801239
True,False,True,32,20,0.001,0.0001,False,True,0.5,False,0.4755273449089792,0.9488287785833798,498.93128967285156
True,False,True,32,20,0.001,0.0001,False,True,0.75,True,0.7089707482854525,0.9396263245956498,498.64143466949463
True,False,True,32,20,0.001,0.0001,False,True,0.75,False,1.0404529660277897,0.8837144450641383,497.3860504627228
True,False,True,32,20,0.001,0.0001,False,True,0.8,True,1.0705815428826544,0.886781929726715,499.4166159629822
True,False,True,32,20,0.001,0.0001,False,True,0.8,False,0.7012701549794939,0.9102063580591188,499.8527584075928
True,False,True,32,20,0.001,0.0001,False,True,0.85,True,0.6407567079530821,0.9400446179587284,499.96872091293335
True,False,True,32,20,0.001,0.0001,False,True,0.85,False,0.7060666076342265,0.9313998884551031,498.0752193927765
True,False,True,32,20,0.001,0.0001,False,True,0.9,True,0.8130656974183188,0.9131344116006692,498.6125214099884
True,False,True,32,20,0.001,0.0001,False,True,0.9,False,0.7133566276563539,0.9362799776910207,498.7428057193756
True,False,True,32,20,0.001,0.0001,False,True,0.95,True,0.9921737495727009,0.9065811489124372,498.6974034309387
True,False,True,32,20,0.001,0.0001,False,True,0.95,False,0.608375856147872,0.9362799776910207,497.3932626247406
True,False,True,32,20,0.001,0.0001,False,True,0.975,True,0.5172946357727051,0.9456218627997769,502.70398688316345
True,False,True,32,20,0.001,0.0001,False,True,0.975,False,0.6821937838859028,0.9350250976017848,500.037721157074
True,False,True,32,20,0.0005,0.001,False,True,0.5,True,0.34533293945921795,0.9365588399330731,499.69238686561584
True,False,True,32,20,0.0005,0.001,False,True,0.5,False,0.36376872420310974,0.9337702175125489,498.2586233615875
True,False,True,32,20,0.0005,0.001,False,True,0.75,True,0.43622744497325683,0.9166201896263246,498.90122079849243
True,False,True,32,20,0.0005,0.001,False,True,0.75,False,0.36107452630996706,0.9339096486335751,499.026025056839
True,False,True,32,20,0.0005,0.001,False,True,0.8,True,0.3324838426046901,0.9439486893474623,499.09838938713074
True,False,True,32,20,0.0005,0.001,False,True,0.8,False,0.41072577291064793,0.9277746793084216,497.6291117668152
True,False,True,32,20,0.0005,0.001,False,True,0.85,True,0.4507578390174442,0.9245677635248187,499.6694622039795
True,False,True,32,20,0.0005,0.001,False,True,0.85,False,0.39181452721357346,0.9269380925822643,500.19780135154724
True,False,True,32,20,0.0005,0.001,False,True,0.9,True,0.44011000639862485,0.9166201896263246,499.6957025527954
True,False,True,32,20,0.0005,0.001,False,True,0.9,False,0.42100358777576025,0.9001673173452315,498.04232573509216
True,False,True,32,20,0.0005,0.001,False,True,0.95,True,0.36333290944496793,0.945064138315672,498.9065670967102
True,False,True,32,20,0.0005,0.001,False,True,0.95,False,0.4474012557665507,0.9346068042387061,498.9103648662567
True,False,True,32,20,0.0005,0.001,False,True,0.975,True,0.4364235149489509,0.9202453987730062,499.2005350589752
True,False,True,32,20,0.0005,0.001,False,True,0.975,False,0.34755372029211784,0.9407417735638595,498.75303840637207
True,False,True,32,20,0.0005,0.0005,False,True,0.5,True,0.4242662316891882,0.9305633017289459,499.62283539772034
True,False,True,32,20,0.0005,0.0005,False,True,0.5,False,0.48085353596342933,0.9265197992191857,500.3916084766388
True,False,True,32,20,0.0005,0.0005,False,True,0.75,True,0.4560288025935491,0.9274958170663692,501.6301770210266
True,False,True,32,20,0.0005,0.0005,False,True,0.75,False,0.5749768512116538,0.918153931957613,497.65571093559265
True,False,True,32,20,0.0005,0.0005,False,True,0.8,True,0.47916272073984145,0.9354433909648634,498.8627791404724
True,False,True,32,20,0.0005,0.0005,False,True,0.8,False,0.4500012687510914,0.9272169548243168,498.76699781417847
True,False,True,32,20,0.0005,0.0005,False,True,0.85,True,0.4549993234541681,0.9386503067484663,498.86543011665344
True,False,True,32,20,0.0005,0.0005,False,True,0.85,False,0.4509782397084766,0.9412994980479643,497.7134621143341
True,False,True,32,20,0.0005,0.0005,False,True,0.9,True,0.49791422920094597,0.9305633017289459,500.2153105735779
True,False,True,32,20,0.0005,0.0005,False,True,0.9,False,0.4349388717611631,0.935861684327942,499.90290451049805
True,False,True,32,20,0.0005,0.0005,False,True,0.95,True,0.48564636098013986,0.9194088120468489,500.0302264690399
True,False,True,32,20,0.0005,0.0005,False,True,0.95,False,0.6347950144939952,0.903792526491913,498.7182960510254
True,False,True,32,20,0.0005,0.0005,False,True,0.975,True,0.5278603614701165,0.9287506971556051,499.13139152526855
True,False,True,32,20,0.0005,0.0005,False,True,0.975,False,0.502521859937244,0.9346068042387061,498.9799416065216
True,False,True,32,20,0.0005,0.0001,False,True,0.5,True,0.6382625913619995,0.9375348577802566,499.26427006721497
True,False,True,32,20,0.0005,0.0001,False,True,0.5,False,0.6066728452510304,0.9274958170663692,488.1756401062012
True,False,True,32,20,0.0005,0.0001,False,True,0.75,True,0.6079531965653101,0.9315393195761293,500.15025520324707
True,False,True,32,20,0.0005,0.0001,False,True,0.75,False,0.619368067946699,0.9400446179587284,499.44928431510925
True,False,True,32,20,0.0005,0.0001,False,True,0.8,True,0.8101187331808938,0.9164807585052984,499.5820302963257
True,False,True,32,20,0.0005,0.0001,False,True,0.8,False,0.7076125719812181,0.9288901282766313,498.46910643577576
True,False,True,32,20,0.0005,0.0001,False,True,0.85,True,0.6683722034096717,0.920803123257111,499.61972188949585
True,False,True,32,20,0.0005,0.0001,False,True,0.85,False,0.7551766234636307,0.9118795315114333,499.1131775379181
True,False,True,32,20,0.0005,0.0001,False,True,0.9,True,0.5686856485737695,0.9290295593976575,498.51612424850464
True,False,True,32,20,0.0005,0.0001,False,True,0.9,False,0.7898257584042019,0.9033742331288344,496.9007592201233
True,False,True,32,20,0.0005,0.0001,False,True,0.95,True,0.6430488898356755,0.9224762967094255,500.27488017082214
True,False,True,32,20,0.0005,0.0001,False,True,0.95,False,0.842900675535202,0.9125766871165644,499.5528144836426
True,False,True,32,20,0.0005,0.0001,False,True,0.975,True,0.7633888720141517,0.9269380925822643,499.89803862571716
True,False,True,32,20,0.0005,0.0001,False,True,0.975,False,0.685021016465293,0.9217791411042945,498.48243165016174
True,False,True,32,20,0.0001,0.001,False,True,0.5,True,0.4166845978299777,0.9307027328499721,498.89610147476196
True,False,True,32,20,0.0001,0.001,False,True,0.5,False,0.36396405852503244,0.9387897378694925,499.4113874435425
True,False,True,32,20,0.0001,0.001,False,True,0.75,True,0.35064323865705066,0.9407417735638595,499.2789351940155
True,False,True,32,20,0.0001,0.001,False,True,0.75,False,0.3138612203134431,0.9425543781372002,499.1741626262665
True,False,True,32,20,0.0001,0.001,False,True,0.8,True,0.37472945428556864,0.9308421639709983,500.1538188457489
True,False,True,32,20,0.0001,0.001,False,True,0.8,False,0.3710170716709561,0.932654768544339,499.9480736255646
True,False,True,32,20,0.0001,0.001,False,True,0.85,True,0.4295875569184621,0.9297267150027886,500.27204966545105
True,False,True,32,20,0.0001,0.001,False,True,0.85,False,0.38774925109412933,0.9312604573340769,498.9420075416565
True,False,True,32,20,0.0001,0.001,False,True,0.9,True,0.3844889936182234,0.9316787506971556,499.77139925956726
True,False,True,32,20,0.0001,0.001,False,True,0.9,False,0.4155335743228594,0.927356385945343,499.65351271629333
True,False,True,32,20,0.0001,0.001,False,True,0.95,True,0.4207220166921616,0.9206636921360848,501.4187240600586
True,False,True,32,20,0.0001,0.001,False,True,0.95,False,0.39486232115162745,0.9281929726715002,498.13526225090027
True,False,True,32,20,0.0001,0.001,False,True,0.975,True,0.3780821815795369,0.9215002788622421,499.91804456710815
True,False,True,32,20,0.0001,0.001,False,True,0.975,False,0.4453884566492505,0.9157836029001674,499.9494540691376
True,False,True,32,20,0.0001,0.0005,False,True,0.5,True,0.4599752813577652,0.9283324037925265,499.9742386341095
True,False,True,32,20,0.0001,0.0005,False,True,0.5,False,0.5263172086742189,0.9149470161740101,467.2969207763672
True,False,True,32,20,0.0001,0.0005,False,True,0.75,True,0.4299537954065535,0.9205242610150586,466.5522229671478
True,False,True,32,20,0.0001,0.0005,False,True,0.75,False,0.4912322492400805,0.9201059676519799,468.6703131198883
True,False,True,32,20,0.0001,0.0005,False,True,0.8,True,0.46266080111265184,0.9210819854991634,467.0435836315155
True,False,True,32,20,0.0001,0.0005,False,True,0.8,False,0.4111749677856763,0.9316787506971556,466.81430554389954
True,False,True,32,20,0.0001,0.0005,False,True,0.85,True,0.5313842983047168,0.9149470161740101,467.5673384666443
True,False,True,32,20,0.0001,0.0005,False,True,0.85,False,0.5420155978533957,0.9029559397657557,466.5383279323578
True,False,True,32,20,0.0001,0.0005,False,True,0.9,True,0.41201650765207076,0.9223368655883993,466.8603596687317
True,False,True,32,20,0.0001,0.0005,False,True,0.9,False,0.5650802400377062,0.9120189626324595,466.7324421405792
True,False,True,32,20,0.0001,0.0005,False,True,0.95,True,0.4416497923930486,0.9252649191299498,466.9583671092987
True,False,True,32,20,0.0001,0.0005,False,True,0.95,False,0.5212753069400787,0.9184327941996654,466.62472891807556
True,False,True,32,20,0.0001,0.0005,False,True,0.975,True,0.4868459122379621,0.9210819854991634,466.84089756011963
True,False,True,32,20,0.0001,0.0005,False,True,0.975,False,0.5051121707757315,0.9210819854991634,466.8323690891266
True,False,True,32,20,0.0001,0.0001,False,True,0.5,True,0.6160341399245792,0.9189905186837702,468.95416808128357
True,False,True,32,20,0.0001,0.0001,False,True,0.5,False,0.6015067995587985,0.9199665365309537,466.8751690387726
True,False,True,32,20,0.0001,0.0001,False,True,0.75,True,0.731495529545678,0.918851087562744,466.87393736839294
True,False,True,32,20,0.0001,0.0001,False,True,0.75,False,0.8486882210108969,0.8958449525934189,466.5530836582184
True,False,True,32,20,0.0001,0.0001,False,True,0.8,True,0.7479977961712413,0.9143892916899052,466.6388382911682
True,False,True,32,20,0.0001,0.0001,False,True,0.8,False,0.7536069215006298,0.9149470161740101,466.65626668930054
True,False,True,32,20,0.0001,0.0001,False,True,0.85,True,0.7333231075935893,0.9247071946458449,466.56752133369446
True,False,True,32,20,0.0001,0.0001,False,True,0.85,False,0.7059166214201186,0.9247071946458449,466.9860734939575
True,False,True,32,20,0.0001,0.0001,False,True,0.9,True,0.7809779368837675,0.9255437813720022,466.543030500412
True,False,True,32,20,0.0001,0.0001,False,True,0.9,False,0.7690254013074769,0.9258226436140546,466.66993594169617
True,False,True,32,20,0.0001,0.0001,False,True,0.95,True,0.7420446629987822,0.9238706079196877,466.60171127319336
True,False,True,32,20,0.0001,0.0001,False,True,0.95,False,0.7835205522345172,0.9134132738427216,466.5967354774475
True,False,True,32,20,0.0001,0.0001,False,True,0.975,True,0.8693646745218171,0.9125766871165644,466.83715057373047
True,False,True,32,20,0.0001,0.0001,False,True,0.975,False,0.7402608450088236,0.9194088120468489,466.83526945114136
True,False,True,16,20,0.001,0.001,False,True,0.5,True,0.5629410254032681,0.9215002788622421,720.3177635669708
True,False,True,16,20,0.001,0.001,False,True,0.5,False,0.4880474533197078,0.9213608477412158,722.0778589248657
True,False,True,16,20,0.001,0.001,False,True,0.75,True,0.5364254742927169,0.9249860568878974,721.2779352664948
True,False,True,16,20,0.001,0.001,False,True,0.75,False,0.5715842936976184,0.9308421639709983,720.9663746356964
True,False,True,16,20,0.001,0.001,False,True,0.8,True,0.5918094291453372,0.9194088120468489,720.8694052696228
True,False,True,16,20,0.001,0.001,False,True,0.8,False,0.6149415370151566,0.9090909090909091,721.2660415172577
True,False,True,16,20,0.001,0.001,False,True,0.85,True,0.5202803876591153,0.92930842163971,721.7850751876831
True,False,True,16,20,0.001,0.001,False,True,0.85,False,0.5051000073784444,0.9224762967094255,720.1239404678345
True,False,True,16,20,0.001,0.001,False,True,0.9,True,0.5682931008078739,0.9337702175125489,720.4450151920319
True,False,True,16,20,0.001,0.001,False,True,0.9,False,0.572612674869514,0.9245677635248187,720.6594536304474
True,False,True,16,20,0.001,0.001,False,True,0.95,True,0.615498024796059,0.9096486335750139,720.6690964698792
True,False,True,16,20,0.001,0.001,False,True,0.95,False,0.630930712799187,0.8997490239821528,720.9001877307892
True,False,True,16,20,0.001,0.001,False,True,0.975,True,0.6296093323514828,0.9226157278304518,720.7595796585083
True,False,True,16,20,0.001,0.001,False,True,0.975,False,0.6101825380312043,0.9092303402119353,720.3763189315796
True,False,True,16,20,0.001,0.0005,False,True,0.5,True,0.6276769973752493,0.931957612939208,720.2699038982391
True,False,True,16,20,0.001,0.0005,False,True,0.5,False,0.7212740701928171,0.9092303402119353,720.2965207099915
True,False,True,16,20,0.001,0.0005,False,True,0.75,True,0.6029580720017906,0.9180145008365868,720.1374111175537
True,False,True,16,20,0.001,0.0005,False,True,0.75,False,0.563517254385226,0.9228945900725042,720.7280814647675
True,False,True,16,20,0.001,0.0005,False,True,0.8,True,0.519671540516522,0.939765755716676,720.6279046535492
True,False,True,16,20,0.001,0.0005,False,True,0.8,False,0.8871206278126595,0.8924986056887897,720.7864940166473
True,False,True,16,20,0.001,0.0005,False,True,0.85,True,0.6821280817412055,0.9174567763524819,720.2612614631653
True,False,True,16,20,0.001,0.0005,False,True,0.85,False,0.5854404813595497,0.9313998884551031,720.5631048679352
True,False,True,16,20,0.001,0.0005,False,True,0.9,True,0.6686264967135173,0.9249860568878974,720.7456679344177
True,False,True,16,20,0.001,0.0005,False,True,0.9,False,0.5714094828324754,0.9259620747350809,720.3575124740601
True,False,True,16,20,0.001,0.0005,False,True,0.95,True,0.7248211398156554,0.9185722253206916,722.4977381229401
True,False,True,16,20,0.001,0.0005,False,True,0.95,False,0.8326985436120383,0.8855270496374791,721.1329963207245
True,False,True,16,20,0.001,0.0005,False,True,0.975,True,0.6635693428842953,0.9212214166201896,720.6066973209381
True,False,True,16,20,0.001,0.0005,False,True,0.975,False,0.7588768360974528,0.9178750697155605,720.4297137260437
True,False,True,16,20,0.001,0.0001,False,True,0.5,True,0.8220649066739996,0.9199665365309537,720.552677154541
True,False,True,16,20,0.001,0.0001,False,True,0.5,False,0.7732171652245362,0.9185722253206916,720.7261519432068
True,False,True,16,20,0.001,0.0001,False,True,0.75,True,0.8315830446431259,0.9146681539319577,720.6212046146393
True,False,True,16,20,0.001,0.0001,False,True,0.75,False,0.9666489754494421,0.9247071946458449,720.202484369278
True,False,True,16,20,0.001,0.0001,False,True,0.8,True,0.752673650239252,0.9281929726715002,720.5233149528503
True,False,True,16,20,0.001,0.0001,False,True,0.8,False,0.8424385588923117,0.9189905186837702,720.9070360660553
True,False,True,16,20,0.001,0.0001,False,True,0.85,True,0.713752588858716,0.9347462353597323,721.4038412570953
True,False,True,16,20,0.001,0.0001,False,True,0.85,False,0.8156163273151043,0.9340490797546013,720.6438150405884
True,False,True,16,20,0.001,0.0001,False,True,0.9,True,0.7816987228818354,0.9288901282766313,720.5981636047363
True,False,True,16,20,0.001,0.0001,False,True,0.9,False,0.7716202431074229,0.9313998884551031,720.045247554779
True,False,True,16,20,0.001,0.0001,False,True,0.95,True,0.7480629767500744,0.8954266592303403,721.1067545413971
True,False,True,16,20,0.001,0.0001,False,True,0.95,False,0.8852792726725938,0.8839933073061907,720.5453414916992
True,False,True,16,20,0.001,0.0001,False,True,0.975,True,0.7754725916414855,0.9215002788622421,720.3102805614471
True,False,True,16,20,0.001,0.0001,False,True,0.975,False,0.7547916396622668,0.9127161182375906,720.6290094852448
True,False,True,16,20,0.0005,0.001,False,True,0.5,True,0.5914918362496956,0.9164807585052984,722.766551733017
True,False,True,16,20,0.0005,0.001,False,True,0.5,False,0.5371750027339549,0.9205242610150586,720.474289894104
True,False,True,16,20,0.0005,0.001,False,True,0.75,True,0.5662054616153107,0.9159230340211936,721.2847228050232
True,False,True,16,20,0.0005,0.001,False,True,0.75,False,0.5244940343439446,0.9261015058561071,720.6702463626862
True,False,True,16,20,0.0005,0.001,False,True,0.8,True,0.5396479897881403,0.9241494701617401,720.6027021408081
True,False,True,16,20,0.0005,0.001,False,True,0.8,False,0.3412921750432664,0.9412994980479643,720.669718503952
True,False,True,16,20,0.0005,0.001,False,True,0.85,True,0.4371059640478716,0.930005577244841,720.8283207416534
True,False,True,16,20,0.0005,0.001,False,True,0.85,False,0.46452028232985454,0.9194088120468489,721.0792608261108
True,False,True,16,20,0.0005,0.001,False,True,0.9,True,0.498735464296256,0.9216397099832683,720.9535262584686
True,False,True,16,20,0.0005,0.001,False,True,0.9,False,0.4635685695239855,0.9322364751812604,720.9136228561401
True,False,True,16,20,0.0005,0.001,False,True,0.95,True,0.5423152945554071,0.9178750697155605,720.6531522274017
True,False,True,16,20,0.0005,0.001,False,True,0.95,False,0.366085548907983,0.9270775237032906,720.7030444145203
True,False,True,16,20,0.0005,0.001,False,True,0.975,True,0.50365873756414,0.9076965978806469,721.3111443519592
True,False,True,16,20,0.0005,0.001,False,True,0.975,False,0.4654949833130783,0.9220580033463469,720.8503205776215
True,False,True,16,20,0.0005,0.0005,False,True,0.5,True,0.5106237358465492,0.9263803680981595,720.4535520076752
True,False,True,16,20,0.0005,0.0005,False,True,0.5,False,0.5648217733061659,0.9111823759063022,720.871426820755
True,False,True,16,20,0.0005,0.0005,False,True,0.75,True,0.4616876916258797,0.9334913552704964,720.9983658790588
True,False,True,16,20,0.0005,0.0005,False,True,0.75,False,0.48738098254049805,0.9210819854991634,721.427859544754
True,False,True,16,20,0.0005,0.0005,False,True,0.8,True,0.5585140695086035,0.9092303402119353,720.5709886550903
True,False,True,16,20,0.0005,0.0005,False,True,0.8,False,0.4394460025934175,0.9385108756274401,720.1327357292175
True,False,True,16,20,0.0005,0.0005,False,True,0.85,True,0.5278883006232884,0.9316787506971556,720.5196175575256
True,False,True,16,20,0.0005,0.0005,False,True,0.85,False,0.4520779074167621,0.9287506971556051,720.187502861023
True,False,True,16,20,0.0005,0.0005,False,True,0.9,True,0.7857229288144738,0.8906860011154489,720.9377958774567
True,False,True,16,20,0.0005,0.0005,False,True,0.9,False,0.6479914559088731,0.9001673173452315,720.7091188430786
True,False,True,16,20,0.0005,0.0005,False,True,0.95,True,0.7753776194390847,0.9141104294478528,720.4536528587341
True,False,True,16,20,0.0005,0.0005,False,True,0.95,False,0.7589986025291455,0.861266034578918,720.289389371872
True,False,True,16,20,0.0005,0.0005,False,True,0.975,True,0.5083809074155472,0.9065811489124372,721.9157691001892
True,False,True,16,20,0.0005,0.0005,False,True,0.975,False,0.5329860173713391,0.9277746793084216,720.4543328285217
True,False,True,16,20,0.0005,0.0001,False,True,0.5,True,1.091111869018168,0.8686558839933073,721.1466023921967
True,False,True,16,20,0.0005,0.0001,False,True,0.5,False,0.593790018910289,0.9262409369771333,720.4386315345764
True,False,True,16,20,0.0005,0.0001,False,True,0.75,True,0.9295607429902113,0.9095092024539877,720.0366191864014
True,False,True,16,20,0.0005,0.0001,False,True,0.75,False,0.8542187522872785,0.9203848298940324,720.3294084072113
True,False,True,16,20,0.0005,0.0001,False,True,0.8,True,1.1729972154433053,0.8721416620189626,720.8611266613007
True,False,True,16,20,0.0005,0.0001,False,True,0.8,False,0.9283898581142946,0.9237311767986615,720.2135367393494
True,False,True,16,20,0.0005,0.0001,False,True,0.85,True,0.9944355377807118,0.9019799219185722,720.3297798633575
True,False,True,16,20,0.0005,0.0001,False,True,0.85,False,0.7328044792226535,0.9251254880089236,722.8839917182922
True,False,True,16,20,0.0005,0.0001,False,True,0.9,True,0.9031422625737626,0.9262409369771333,723.5291996002197
True,False,True,16,20,0.0005,0.0001,False,True,0.9,False,0.9379131484005128,0.9005856107083101,720.4737303256989
True,False,True,16,20,0.0005,0.0001,False,True,0.95,True,0.7484420082616913,0.9187116564417178,720.7982041835785
True,False,True,16,20,0.0005,0.0001,False,True,0.95,False,0.8627525012782528,0.9125766871165644,720.5166702270508
True,False,True,16,20,0.0005,0.0001,False,True,0.975,True,1.2062745785925595,0.8708867819297267,720.8142096996307
True,False,True,16,20,0.0005,0.0001,False,True,0.975,False,1.2417901018945572,0.8943112102621306,720.4455869197845
True,False,True,16,20,0.0001,0.001,False,True,0.5,True,0.45311560206330964,0.9216397099832683,721.6374981403351
True,False,True,16,20,0.0001,0.001,False,True,0.5,False,0.38871860092626115,0.9357222532069158,722.225576877594
True,False,True,16,20,0.0001,0.001,False,True,0.75,True,0.3964866741595661,0.9294478527607362,721.3410830497742
True,False,True,16,20,0.0001,0.001,False,True,0.75,False,0.37389470052745666,0.9205242610150586,721.3269500732422
True,False,True,16,20,0.0001,0.001,False,True,0.8,True,0.41055135410652394,0.9240100390407139,721.5288665294647
True,False,True,16,20,0.0001,0.001,False,True,0.8,False,0.4269094519267369,0.9295872838817624,721.3167624473572
True,False,True,16,20,0.0001,0.001,False,True,0.85,True,0.43441560879382896,0.9177356385945343,720.9112486839294
True,False,True,16,20,0.0001,0.001,False,True,0.85,False,0.3942906617753224,0.9209425543781372,721.094450712204
True,False,True,16,20,0.0001,0.001,False,True,0.9,True,0.4506602637088113,0.9050474065811489,721.4120345115662
True,False,True,16,20,0.0001,0.001,False,True,0.9,False,0.39044225574336233,0.912994980479643,720.9717168807983
True,False,True,16,20,0.0001,0.001,False,True,0.95,True,0.42093783361476356,0.9185722253206916,720.8062660694122
True,False,True,16,20,0.0001,0.001,False,True,0.95,False,0.4421250622196824,0.9174567763524819,722.0102064609528
True,False,True,16,20,0.0001,0.001,False,True,0.975,True,0.3904385764176702,0.9274958170663692,722.512847661972
True,False,True,16,20,0.0001,0.001,False,True,0.975,False,0.4306559032679666,0.9122978248745119,721.6908948421478
True,False,True,16,20,0.0001,0.0005,False,True,0.5,True,0.4931430433003568,0.9118795315114333,721.0641856193542
True,False,True,16,20,0.0001,0.0005,False,True,0.5,False,0.47758897027220654,0.9226157278304518,721.1173329353333
True,False,True,16,20,0.0001,0.0005,False,True,0.75,True,0.43236505908928896,0.925404350250976,721.0448157787323
True,False,True,16,20,0.0001,0.0005,False,True,0.75,False,0.49239530877307686,0.9127161182375906,721.2009148597717
True,False,True,16,20,0.0001,0.0005,False,True,0.8,True,0.507477374212248,0.9079754601226994,721.0948712825775
True,False,True,16,20,0.0001,0.0005,False,True,0.8,False,0.511245698334114,0.9117401003904071,721.0543415546417
True,False,True,16,20,0.0001,0.0005,False,True,0.85,True,0.5885832514821289,0.894032348020078,721.3939113616943
True,False,True,16,20,0.0001,0.0005,False,True,0.85,False,0.40505935454156194,0.9237311767986615,721.2651150226593
True,False,True,16,20,0.0001,0.0005,False,True,0.9,True,0.4365130983010963,0.9215002788622421,720.9193089008331
True,False,True,16,20,0.0001,0.0005,False,True,0.9,False,0.45415028631023413,0.9196876742889013,720.8434398174286
True,False,True,16,20,0.0001,0.0005,False,True,0.95,True,0.4571620298918743,0.9185722253206916,720.9920527935028
True,False,True,16,20,0.0001,0.0005,False,True,0.95,False,0.5007760259582099,0.9139709983268266,720.9880337715149
True,False,True,16,20,0.0001,0.0005,False,True,0.975,True,0.5196901669016394,0.914249860568879,721.217625617981
True,False,True,16,20,0.0001,0.0005,False,True,0.975,False,0.46864556924404704,0.9187116564417178,721.3987584114075
True,False,True,16,20,0.0001,0.0001,False,True,0.5,True,0.7088710437705097,0.9047685443390965,720.6416778564453
True,False,True,16,20,0.0001,0.0001,False,True,0.5,False,0.5918358624612037,0.9078360290016732,722.3317909240723
True,False,True,16,20,0.0001,0.0001,False,True,0.75,True,0.7496258570150968,0.9266592303402119,723.2595891952515
True,False,True,16,20,0.0001,0.0001,False,True,0.75,False,0.7100890195681683,0.9307027328499721,720.9499113559723
True,False,True,16,20,0.0001,0.0001,False,True,0.8,True,0.7986547573073404,0.9251254880089236,720.805666923523
True,False,True,16,20,0.0001,0.0001,False,True,0.8,False,0.7665331966859726,0.912994980479643,721.0016188621521
True,False,True,16,20,0.0001,0.0001,False,True,0.85,True,0.7439253226354021,0.9270775237032906,720.9563648700714
True,False,True,16,20,0.0001,0.0001,False,True,0.85,False,0.6590227034598389,0.9185722253206916,721.0070831775665
True,False,True,16,20,0.0001,0.0001,False,True,0.9,True,0.8530706755551437,0.9028165086447295,721.0677797794342
True,False,True,16,20,0.0001,0.0001,False,True,0.9,False,0.7356815728170171,0.9209425543781372,720.8834481239319
True,False,True,16,20,0.0001,0.0001,False,True,0.95,True,0.7848956044472937,0.9063022866703848,720.7615416049957
True,False,True,16,20,0.0001,0.0001,False,True,0.95,False,0.9084384928484404,0.9097880646960401,720.6994624137878
True,False,True,16,20,0.0001,0.0001,False,True,0.975,True,0.7538576774664206,0.903792526491913,720.7989673614502
True,False,True,16,20,0.0001,0.0001,False,True,0.975,False,0.7168072992666129,0.912994980479643,720.67041015625
True,False,True,8,20,0.001,0.001,False,True,0.5,True,0.510843804266009,0.90574456218628,1009.0065517425537
True,False,True,8,20,0.001,0.001,False,True,0.5,False,0.6157585061845705,0.9058839933073062,1009.0149528980255
True,False,True,8,20,0.001,0.001,False,True,0.75,True,0.7007302503322678,0.8895705521472392,1008.4507598876953
True,False,True,8,20,0.001,0.001,False,True,0.75,False,0.5261790522331644,0.9252649191299498,1008.471822977066
True,False,True,8,20,0.001,0.001,False,True,0.8,True,0.8571739316053082,0.9063022866703848,1008.7051775455475
True,False,True,8,20,0.001,0.001,False,True,0.8,False,0.6115499367416237,0.9196876742889013,1015.4942412376404
True,False,True,8,20,0.001,0.001,False,True,0.85,True,0.5027676898001827,0.9343279419966537,1008.6642758846283
True,False,True,8,20,0.001,0.001,False,True,0.85,False,0.7136069400321148,0.8975181260457334,1008.7492744922638
True,False,True,8,20,0.001,0.001,False,True,0.9,True,0.680193155173341,0.8970998326826548,1009.200605392456
True,False,True,8,20,0.001,0.001,False,True,0.9,False,0.5733213947967543,0.9215002788622421,1008.3438248634338
True,False,True,8,20,0.001,0.001,False,True,0.95,True,1.108368957903207,0.8381204684885667,1008.2791826725006
True,False,True,8,20,0.001,0.001,False,True,0.95,False,0.8811149097472396,0.8929168990518683,1008.6632242202759
True,False,True,8,20,0.001,0.001,False,True,0.975,True,0.5559200196295412,0.9228945900725042,1008.3742384910583
True,False,True,8,20,0.001,0.001,False,True,0.975,False,0.7351858410548207,0.9241494701617401,1008.2982594966888
True,False,True,8,20,0.001,0.0005,False,True,0.5,True,0.5585536202093963,0.9104852203011712,1008.2165899276733
True,False,True,8,20,0.001,0.0005,False,True,0.5,False,0.956134648559617,0.888733965421082,1008.6703383922577
True,False,True,8,20,0.001,0.0005,False,True,0.75,True,0.8922352515235793,0.8958449525934189,1008.3393213748932
True,False,True,8,20,0.001,0.0005,False,True,0.75,False,0.7555328194911664,0.920803123257111,1007.9755706787109
True,False,True,8,20,0.001,0.0005,False,True,0.8,True,0.7754811669140224,0.8901282766313441,1008.1511449813843
True,False,True,8,20,0.001,0.0005,False,True,0.8,False,0.8577240521094472,0.8880368098159509,1008.1769888401031
True,False,True,8,20,0.001,0.0005,False,True,0.85,True,0.8668810728202296,0.8987730061349694,1008.3298211097717
True,False,True,8,20,0.001,0.0005,False,True,0.85,False,0.9451232905870297,0.875627440044618,1008.1660368442535
True,False,True,8,20,0.001,0.0005,False,True,0.9,True,0.8386759908170073,0.9245677635248187,1008.5142388343811
True,False,True,8,20,0.001,0.0005,False,True,0.9,False,0.8049856237942559,0.9132738427216954,1018.2070322036743
True,False,True,8,20,0.001,0.0005,False,True,0.95,True,0.818782543923411,0.8984941438929169,1010.9535686969757
True,False,True,8,20,0.001,0.0005,False,True,0.95,False,0.5497544430104918,0.9286112660345789,1008.8249566555023
True,False,True,8,20,0.001,0.0005,False,True,0.975,True,0.8889779324415934,0.9040713887339654,1007.8858020305634
True,False,True,8,20,0.001,0.0005,False,True,0.975,False,0.926592987749223,0.9054656999442275,1008.5395362377167
True,False,True,8,20,0.001,0.0001,False,True,0.5,True,0.5520355285974915,0.9362799776910207,1007.8385765552521
True,False,True,8,20,0.001,0.0001,False,True,0.5,False,0.8727185643769161,0.9139709983268266,1007.8209083080292
True,False,True,8,20,0.001,0.0001,False,True,0.75,True,1.0264475964582884,0.9040713887339654,1008.1217157840729
True,False,True,8,20,0.001,0.0001,False,True,0.75,False,0.8793605335447169,0.9081148912437256,1007.6969773769379
True,False,True,8,20,0.001,0.0001,False,True,0.8,True,0.909614914502853,0.901840490797546,1007.7953202724457
True,False,True,8,20,0.001,0.0001,False,True,0.8,False,0.8256838073831471,0.9187116564417178,1008.0980405807495
True,False,True,8,20,0.001,0.0001,False,True,0.85,True,0.9214383825709589,0.9117401003904071,1007.7884726524353
True,False,True,8,20,0.001,0.0001,False,True,0.85,False,0.8065163332017901,0.9195482431678751,1007.8930685520172
True,False,True,8,20,0.001,0.0001,False,True,0.9,True,0.9375730990998057,0.9148075850529839,1007.875566482544
True,False,True,8,20,0.001,0.0001,False,True,0.9,False,0.9816550435363383,0.9092303402119353,1008.0407040119171
True,False,True,8,20,0.001,0.0001,False,True,0.95,True,0.9719220441719362,0.9079754601226994,1007.9645035266876
True,False,True,8,20,0.001,0.0001,False,True,0.95,False,0.8933362734224751,0.9284718349135527,1007.7688570022583
True,False,True,8,20,0.001,0.0001,False,True,0.975,True,0.7214309263687867,0.9143892916899052,1007.7875409126282
True,False,True,8,20,0.001,0.0001,False,True,0.975,False,0.8628553309900439,0.9118795315114333,1017.9002487659454
True,False,True,8,20,0.0005,0.001,False,True,0.5,True,0.5827346986352799,0.9156441717791411,1008.1861791610718
True,False,True,8,20,0.0005,0.001,False,True,0.5,False,0.5647758678880955,0.9113218070273285,1009.260153055191
True,False,True,8,20,0.0005,0.001,False,True,0.75,True,0.5974833236523429,0.9251254880089236,1010.2453191280365
True,False,True,8,20,0.0005,0.001,False,True,0.75,False,0.5517146353139526,0.9195482431678751,1008.3297300338745
True,False,True,8,20,0.0005,0.001,False,True,0.8,True,0.6088983137970385,0.9067205800334635,1008.1320085525513
True,False,True,8,20,0.0005,0.001,False,True,0.8,False,0.560593720130963,0.9265197992191857,1007.9257259368896
True,False,True,8,20,0.0005,0.001,False,True,0.85,True,0.8083398165378549,0.8431399888455103,1007.8714034557343
True,False,True,8,20,0.0005,0.001,False,True,0.85,False,0.48596686785967985,0.9166201896263246,1008.741206407547
True,False,True,8,20,0.0005,0.001,False,True,0.9,True,0.6918654775074626,0.8757668711656442,1008.2650074958801
True,False,True,8,20,0.0005,0.001,False,True,0.9,False,0.5706384217526469,0.9021193530395984,1009.0928332805634
True,False,True,8,20,0.0005,0.001,False,True,0.95,True,0.5557821683062358,0.9152258784160625,1007.7815315723419
True,False,True,8,20,0.0005,0.001,False,True,0.95,False,0.6149870732855238,0.9159230340211936,1007.9343917369843
True,False,True,8,20,0.0005,0.001,False,True,0.975,True,0.6006513867722441,0.9192693809258227,1009.7003517150879
True,False,True,8,20,0.0005,0.001,False,True,0.975,False,0.4471719221626237,0.9341885108756275,1007.6057357788086
True,False,True,8,20,0.0005,0.0005,False,True,0.5,True,0.5887890440830286,0.9261015058561071,1007.9749319553375
True,False,True,8,20,0.0005,0.0005,False,True,0.5,False,0.5025901697916596,0.923452314556609,1008.9709990024567
True,False,True,8,20,0.0005,0.0005,False,True,0.75,True,0.601028352643601,0.9001673173452315,1007.8824236392975
True,False,True,8,20,0.0005,0.0005,False,True,0.75,False,0.49046302062678365,0.9219185722253207,1008.1622309684753
True,False,True,8,20,0.0005,0.0005,False,True,0.8,True,0.5946279907704994,0.9209425543781372,1008.0412201881409
True,False,True,8,20,0.0005,0.0005,False,True,0.8,False,0.5654077085696468,0.9248466257668712,1007.6839892864227
True,False,True,8,20,0.0005,0.0005,False,True,0.85,True,0.6028471735774341,0.925404350250976,1008.7508509159088
True,False,True,8,20,0.0005,0.0005,False,True,0.85,False,0.5385519512820005,0.9301450083658672,1007.8513004779816
True,False,True,8,20,0.0005,0.0005,False,True,0.9,True,0.6636674184696864,0.9146681539319577,1007.7881829738617
True,False,True,8,20,0.0005,0.0005,False,True,0.9,False,0.7639172864265931,0.8969604015616286,1008.0556442737579
True,False,True,8,20,0.0005,0.0005,False,True,0.95,True,0.6721272557110026,0.9167596207473508,1008.4659850597382
True,False,True,8,20,0.0005,0.0005,False,True,0.95,False,0.6159900706282162,0.9153653095370887,1007.5823376178741
True,False,True,8,20,0.0005,0.0005,False,True,0.975,True,0.5701414367294099,0.9242889012827663,1006.8499612808228
True,False,True,8,20,0.0005,0.0005,False,True,0.975,False,0.7266793075944801,0.920803123257111,1007.3567831516266
True,False,True,8,20,0.0005,0.0001,False,True,0.5,True,0.9758296713581851,0.901143335192415,1007.2514340877533
True,False,True,8,20,0.0005,0.0001,False,True,0.5,False,0.9061492730010978,0.9111823759063022,1007.4773075580597
True,False,True,8,20,0.0005,0.0001,False,True,0.75,True,0.8231071484261665,0.9240100390407139,1007.237339258194
True,False,True,8,20,0.0005,0.0001,False,True,0.75,False,0.7067916003889596,0.9269380925822643,1007.3464314937592
True,False,True,8,20,0.0005,0.0001,False,True,0.8,True,0.83641346926939,0.9241494701617401,1007.5959281921387
True,False,True,8,20,0.0005,0.0001,False,True,0.8,False,0.8277107615734024,0.9069994422755159,1006.9471530914307
True,False,True,8,20,0.0005,0.0001,False,True,0.85,True,0.8571998379634509,0.9178750697155605,1007.6594140529633
True,False,True,8,20,0.0005,0.0001,False,True,0.85,False,0.8242767308667353,0.9111823759063022,1011.4599370956421
True,False,True,8,20,0.0005,0.0001,False,True,0.9,True,0.6226864060762867,0.9173173452314557,1008.7342336177826
True,False,True,8,20,0.0005,0.0001,False,True,0.9,False,0.9546058322806555,0.9203848298940324,1007.0301833152771
True,False,True,8,20,0.0005,0.0001,False,True,0.95,True,0.8068209105112082,0.9015616285554936,1007.3390927314758
True,False,True,8,20,0.0005,0.0001,False,True,0.95,False,0.9366924082953795,0.9185722253206916,1007.161518573761
True,False,True,8,20,0.0005,0.0001,False,True,0.975,True,0.8321245051878884,0.922755158951478,1007.143786907196
True,False,True,8,20,0.0005,0.0001,False,True,0.975,False,0.8894130192539232,0.9189905186837702,1007.580509185791
True,False,True,8,20,0.0001,0.001,False,True,0.5,True,0.4456216670498003,0.9241494701617401,1009.2485029697418
True,False,True,8,20,0.0001,0.001,False,True,0.5,False,0.4107832905474049,0.9305633017289459,1010.1183862686157
True,False,True,8,20,0.0001,0.001,False,True,0.75,True,0.39513210362548146,0.925404350250976,1010.0881226062775
True,False,True,8,20,0.0001,0.001,False,True,0.75,False,0.4321571710117685,0.9262409369771333,1009.9295992851257
True,False,True,8,20,0.0001,0.001,False,True,0.8,True,0.495501914085486,0.9152258784160625,1009.091500043869
True,False,True,8,20,0.0001,0.001,False,True,0.8,False,0.4609151186386213,0.9274958170663692,1009.698567867279
True,False,True,8,20,0.0001,0.001,False,True,0.85,True,0.3917782751878634,0.9256832124930284,1009.4680812358856
True,False,True,8,20,0.0001,0.001,False,True,0.85,False,0.39058983465500896,0.9281929726715002,1009.5020523071289
True,False,True,8,20,0.0001,0.001,False,True,0.9,True,0.4265402721920141,0.9233128834355828,1009.7791035175323
True,False,True,8,20,0.0001,0.001,False,True,0.9,False,0.366047055957841,0.9301450083658672,1009.3269410133362
True,False,True,8,20,0.0001,0.001,False,True,0.95,True,0.38720924373188675,0.9336307863915226,1009.4889650344849
True,False,True,8,20,0.0001,0.001,False,True,0.95,False,0.38654480417702375,0.9353039598438372,1013.6876649856567
True,False,True,8,20,0.0001,0.001,False,True,0.975,True,0.4254968403573818,0.9270775237032906,1008.5977318286896
True,False,True,8,20,0.0001,0.001,False,True,0.975,False,0.43390386459420754,0.9259620747350809,1008.6686549186707
True,False,True,8,20,0.0001,0.0005,False,True,0.5,True,0.42704087010727015,0.9350250976017848,1010.2458369731903
True,False,True,8,20,0.0001,0.0005,False,True,0.5,False,0.4573141982158025,0.9237311767986615,1008.4169409275055
True,False,True,8,20,0.0001,0.0005,False,True,0.75,True,0.46900799033235147,0.9318181818181818,1008.1236209869385
True,False,True,8,20,0.0001,0.0005,False,True,0.75,False,0.4749698182744459,0.9184327941996654,1007.8173069953918
True,False,True,8,20,0.0001,0.0005,False,True,0.8,True,0.44295240445280554,0.9237311767986615,1008.1705565452576
True,False,True,8,20,0.0001,0.0005,False,True,0.8,False,0.41210362331790135,0.9348856664807585,1008.2230606079102
True,False,True,8,20,0.0001,0.0005,False,True,0.85,True,0.5133078176706797,0.9294478527607362,1007.8598794937134
True,False,True,8,20,0.0001,0.0005,False,True,0.85,False,0.483336420212701,0.9281929726715002,1008.2835509777069
True,False,True,8,20,0.0001,0.0005,False,True,0.9,True,0.4106846373848027,0.9334913552704964,1008.5016794204712
True,False,True,8,20,0.0001,0.0005,False,True,0.9,False,0.494193692470474,0.9191299498047965,1008.3120131492615
True,False,True,8,20,0.0001,0.0005,False,True,0.95,True,0.4955700079068425,0.9212214166201896,1008.2833602428436
True,False,True,8,20,0.0001,0.0005,False,True,0.95,False,0.5323446281378883,0.920803123257111,1008.1893050670624
True,False,True,8,20,0.0001,0.0005,False,True,0.975,True,0.5011380758040991,0.9138315672058004,1007.9027638435364
True,False,True,8,20,0.0001,0.0005,False,True,0.975,False,0.47120174978223267,0.9248466257668712,1008.4476599693298
True,False,True,8,20,0.0001,0.0001,False,True,0.5,True,0.606271055895615,0.932654768544339,1008.769430398941
True,False,True,8,20,0.0001,0.0001,False,True,0.5,False,0.6961773793434219,0.923452314556609,1008.4776906967163
True,False,True,8,20,0.0001,0.0001,False,True,0.75,True,0.7276732281033145,0.9256832124930284,1011.5546162128448
True,False,True,8,20,0.0001,0.0001,False,True,0.75,False,0.640400746544468,0.9245677635248187,1007.4906089305878
True,False,True,8,20,0.0001,0.0001,False,True,0.8,True,0.5916510906107848,0.9376742889012828,1008.2893245220184
True,False,True,8,20,0.0001,0.0001,False,True,0.8,False,0.7366945419954749,0.9043502509760178,1007.9464774131775
True,False,True,8,20,0.0001,0.0001,False,True,0.85,True,0.8085015859525472,0.9128555493586168,1007.5240659713745
True,False,True,8,20,0.0001,0.0001,False,True,0.85,False,0.7380665516607472,0.9304238706079196,1007.845223903656
True,False,True,8,20,0.0001,0.0001,False,True,0.9,True,0.8031064378909576,0.9194088120468489,1007.6846363544464
True,False,True,8,20,0.0001,0.0001,False,True,0.9,False,0.7852112582096686,0.9157836029001674,1007.5186536312103
True,False,True,8,20,0.0001,0.0001,False,True,0.95,True,0.8015112434674798,0.9109035136642498,1009.2071611881256
True,False,True,8,20,0.0001,0.0001,False,True,0.95,False,0.7206100956054037,0.9202453987730062,1007.9549829959869
True,False,True,8,20,0.0001,0.0001,False,True,0.975,True,0.751418491154743,0.9111823759063022,1007.7510480880737
True,False,True,8,20,0.0001,0.0001,False,True,0.975,False,0.781044301114885,0.9173173452314557,1007.6970331668854
True,False,True,1,20,0.001,0.001,False,True,0.5,True,0.5900571179901896,0.8997490239821528,6475.864408493042
True,False,True,1,20,0.001,0.001,False,True,0.5,False,0.7255275271587776,0.850111544896821,6462.844565629959
True,False,True,1,20,0.001,0.001,False,True,0.75,True,0.6236917400951832,0.8906860011154489,6450.944371461868
True,False,True,1,20,0.001,0.001,False,True,0.75,False,0.6508534111194749,0.8721416620189626,6455.438243865967
True,False,True,1,20,0.001,0.001,False,True,0.8,True,0.6512280101890479,0.8838538761851645,6462.06444311142
True,False,True,1,20,0.001,0.001,False,True,0.8,False,0.9637007713151656,0.831846068042387,6483.723846435547
True,False,True,1,20,0.001,0.001,False,True,0.85,True,0.7687782465214844,0.8746514221974344,6520.8964076042175
True,False,True,1,20,0.001,0.001,False,True,0.85,False,0.5534158092567659,0.8912437255995538,7081.269520282745
True,False,True,1,20,0.001,0.001,False,True,0.9,True,0.6225590336874618,0.9029559397657557,6636.642992734909
True,False,True,1,20,0.001,0.001,False,True,0.9,False,0.5185780846168393,0.9149470161740101,6450.924427270889
